subreddit,title,score,num_comments,id,url,created_utc,author
politics,Turns Out Trump’s Own Team Messed Up U.N. Escalator and Teleprompter,36079,1381,1np9hz9,https://newrepublic.com/post/200833/trump-team-messed-up-un-escalator-teleprompter,2025-09-24 06:22:36,DoctorHuman
politics,Trump Threatens Jimmy Kimmel—Again—and Destroys MAGA’s Entire Defense,6208,452,1npdlqs,https://newrepublic.com/post/200844/trump-threatens-jimmy-kimmel-again-return-maga-defense?utm_source=Twitter&utm_term=Autofeed&utm_medium=social&utm_campaign=SF_TNR,2025-09-24 09:27:23,SportsGod3
politics,JD Vance Rushes to Exploit ICE Shooting Before Knowing Any Details,3550,405,1npf5o5,https://newrepublic.com/post/200857/jd-vance-kristi-noem-dallas-ice-shooting,2025-09-24 10:26:36,ChiGuy6124
politics,"Fox News' Jesse Watters Calls to 'Bomb' U.N., or 'Maybe Gas It' After Broken Escalator and Teleprompter During Trump's Visit",2996,429,1npfpie,https://people.com/jesse-watters-calls-bomb-un-after-teleprompter-escalator-malfunctions-11816183?utm_campaign=peoplemagazine&utm_medium=social&utm_source=reddit.com&utm_content=post,2025-09-24 10:47:43,peoplemagazine
politics,"Jimmy Kimmel Doesn’t Spare Trump As He Returns to ABC: “He tried his best to cancel me,” said Kimmel in his first monologue since his suspension. “Instead, he forced millions of people to watch the show. That backfired bigly.”",6491,229,1np68ig,https://www.vanityfair.com/hollywood/story/jimmy-kimmel-returns-monologue-trump,2025-09-24 02:53:38,T_Shurt
politics,"Trump Loses It Over Jimmy Kimmel's Return In Unhinged New Rant, Then Threatens ABC | Trump warned of legal action against the network for allowing the host back on TV.",2560,263,1npab1d,https://www.huffpost.com/entry/trump-threat-kimmel-return_n_68d35c11e4b0ae58bfe9aa75,2025-09-24 07:05:08,Aggravating_Money992
politics,Dem's Victory Sets the Stage for Trump’s Epstein Files Nightmare,1863,129,1npafpt,https://www.thedailybeast.com/democrat-adelita-grijalvas-victory-sets-the-stage-for-donald-trumps-jeffrey-epstein-files-nightmare/?utm_campaign=owned_social&via=twitter_page&utm_source=twitter_owned_tdb&utm_medium=socialflow,2025-09-24 07:11:26,SportsGod3
politics,Trump administration rehires hundreds of federal employees laid off by DOGE,2337,119,1np8t4b,https://apnews.com/article/doge-musk-trump-gsa-fired-employees-ce18553b281fbf5816ec2fd491d79b78,2025-09-24 05:43:50,GregWilson23
politics,Trump’s Thirst for Being Filmed Caused Escalatorgate,729,103,1npero4,https://www.thedailybeast.com/trumps-thirst-for-being-filmed-caused-escalatorgate-un-says/,2025-09-24 10:11:53,Boonzies
politics,Democrats gear up to win Arizona’s special election and secure final Epstein vote,7013,101,1np14ml,https://www.washingtonexaminer.com/news/campaigns/3818993/democrats-arizona-special-election-grijalva-epstein-vote-house/,2025-09-23 21:52:57,plz-let-me-in
politics,"Trump slams Kimmel's return: ""We're going to test ABC out on this""",4566,484,1np36pd,https://www.axios.com/2025/09/24/trump-jimmy-kimmel-return-abc,2025-09-23 23:43:12,PlayaSlayaX
politics,Epstein Files Incoming?!? House Finally Has Magic Number To Demand Docs.,679,79,1npdzg6,https://www.huffpost.com/entry/special-election-result-epstein-files_n_68d39b05e4b0ae58bfe9cb36/,2025-09-24 09:42:20,plz-let-me-in
politics,Dr. Oz Splits from Trump on Tylenol After Autism Tirade,20560,988,1nouvbe,https://www.thedailybeast.com/dr-oz-splits-from-trump-on-tylenol-after-autism-tirade/,2025-09-23 17:04:01,thedailybeast
politics,76 percent of Americans say Trump does not deserve the Nobel Peace Prize,14155,633,1novrvc,https://www.washingtonpost.com/politics/2025/09/23/trump-nobel-prize-poll-doesnt-deserve/,2025-09-23 17:41:59,elvidoperez
politics,"Democrat Wins Arizona House Seat, Setting Up Key Epstein Vote",4329,94,1np2195,https://www.bloomberg.com/news/articles/2025-09-24/democrat-wins-arizona-house-seat-setting-up-key-epstein-vote?embedded-checkout=true,2025-09-23 22:39:17,Capable_Salt_SD
politics,"A millennial, progressive Democrat with Government Civil Service experience has entered the Maine Senate race against Susan Collins",831,30,1npaoo2,https://mainemorningstar.com/2025/09/18/another-anti-establishment-democrat-enters-crowded-senate-race-against-collins/,2025-09-24 07:23:14,ArchieS0121
politics,"California Gov. Gavin Newsom tells Stephen Colbert ""I fear we will not have an election in 2028 unless we wake up""",468,97,1npf6pn,https://www.cbsnews.com/amp/sacramento/news/gavin-newsom-late-show-stephen-colbert-trump/,2025-09-24 10:27:45,Mathemodel
politics,Democrat Adelita Grijalva wins special election for her late father's House seat in Arizona,3972,90,1np1ssq,https://www.nbcnews.com/politics/elections/democrat-adelita-grijalva-wins-special-election-late-fathers-house-sea-rcna231968,2025-09-23 22:26:55,wizardofthefuture
politics,"Sadiq Khan: Trump is racist, sexist and Islamophobic",503,74,1npdq4u,https://www.thetimes.com/uk/politics/article/sadiq-khan-sharia-law-london-trump-bdwx8jhk0,2025-09-24 09:32:12,TimesandSundayTimes
politics,Trump Rages at Kimmel’s Defiant Comeback by Threatening ABC,1093,125,1np8c2b,https://www.thedailybeast.com/donald-trump-rages-at-jimmy-kimmels-defiant-comeback-by-threatening-abc/?via=mobile&source=Reddit,2025-09-24 05:14:49,Ok_Employer7837
PoliticalDiscussion,Casual Questions Thread,89,8530,1bwbuka,https://www.reddit.com/r/PoliticalDiscussion/comments/1bwbuka/casual_questions_thread/,2024-04-05 02:15:20,The_Egalitarian
PoliticalDiscussion,"Donald Trump now claims to have learned that Ukraine with the help of Europe and particularly its NATO allies can not only retake all its territories but perhaps even more; Calling Russia a ""Paper Tiger."" Is the Alaskan Summit goals for peace between Ukraine and Russia now completely dead?",397,100,1np1rv1,https://www.reddit.com/r/PoliticalDiscussion/comments/1np1rv1/donald_trump_now_claims_to_have_learned_that/,2025-09-23 22:25:35,PsychLegalMind
PoliticalDiscussion,"Why is the government about to announce guidance tying prenatal Tylenol use to autism, a move reportedly championed by HHS Secretary Robert F. Kennedy Jr. ?",439,292,1nnuiew,https://www.reddit.com/r/PoliticalDiscussion/comments/1nnuiew/why_is_the_government_about_to_announce_guidance/,2025-09-22 13:30:09,Gortt_TEST
PoliticalDiscussion,"Why are American conservatives (Trump) so popular in Israel, whereas American Jews are predominantly Democrat?",322,183,1nnpbbf,https://www.reddit.com/r/PoliticalDiscussion/comments/1nnpbbf/why_are_american_conservatives_trump_so_popular/,2025-09-22 10:17:28,Grtrshop
PoliticalDiscussion,"If Perot won 1992 and ran for re-election in 1996, would he do better if his two opponents were both extremists (e.g. Pat Buchanan and Ralph Nader) or would he do better if his opponents were both moderates (e.g. Colin Powell and Lloyd Bensten)?",0,15,1noqumx,https://www.reddit.com/r/PoliticalDiscussion/comments/1noqumx/if_perot_won_1992_and_ran_for_reelection_in_1996/,2025-09-23 14:27:33,BlueFireFlameThrower
PoliticalDiscussion,Trump says the tariffs are working and the US is getting richer from it. Is that true?,291,394,1nn6k1v,https://www.reddit.com/r/PoliticalDiscussion/comments/1nn6k1v/trump_says_the_tariffs_are_working_and_the_us_is/,2025-09-21 18:09:06,drewwebb1
PoliticalDiscussion,Will the Democratic Party be forced to adopt some anti-immigration policies to return to power?,0,111,1nohtk6,https://www.reddit.com/r/PoliticalDiscussion/comments/1nohtk6/will_the_democratic_party_be_forced_to_adopt_some/,2025-09-23 08:45:33,The_Law_of_Pizza
PoliticalDiscussion,"UK, Canada, and Australia formally recognize Palestine — what does this mean for global diplomacy?",70,204,1nmzepf,https://www.reddit.com/r/PoliticalDiscussion/comments/1nmzepf/uk_canada_and_australia_formally_recognize/,2025-09-21 13:21:30,Privacyops
PoliticalDiscussion,Would it be better for US President (or other World Leaders) to not tie themselves to a political party ?,0,9,1no63e2,https://www.reddit.com/r/PoliticalDiscussion/comments/1no63e2/would_it_be_better_for_us_president_or_other/,2025-09-22 21:46:28,BakedPotato_1591
PoliticalDiscussion,Do you think Democrats should change their federal platform?,0,79,1nnu2r8,https://www.reddit.com/r/PoliticalDiscussion/comments/1nnu2r8/do_you_think_democrats_should_change_their/,2025-09-22 13:14:15,illegitimatebanana
PoliticalDiscussion,"Do oppressed groups have a duty, not just a right, to resist systemic threats, and if so, what methods are justified?",0,58,1nmo35z,https://www.reddit.com/r/PoliticalDiscussion/comments/1nmo35z/do_oppressed_groups_have_a_duty_not_just_a_right/,2025-09-21 05:02:55,Plenty_Profession_58
PoliticalDiscussion,Is using military force against suspected drug-trafficking boats constitutional or an overreach of presidential power?,136,277,1nlal7x,https://www.reddit.com/r/PoliticalDiscussion/comments/1nlal7x/is_using_military_force_against_suspected/,2025-09-19 12:55:47,binini28
PoliticalDiscussion,"What are your thoughts on the FCC's crackdown on Jimmy Kimmel, Stephen Colbert and free speech in general?",161,277,1nl6nez,https://www.reddit.com/r/PoliticalDiscussion/comments/1nl6nez/what_are_your_thoughts_on_the_fccs_crackdown_on/,2025-09-19 10:27:59,melville48
PoliticalDiscussion,"When Putin came to power in the 2000s his administration critiqued a puppet show mocking politicians openly. 2 years later the puppet show was taken down, do you see parallels with the events we are currently on?",149,27,1nl0uwa,https://www.reddit.com/r/PoliticalDiscussion/comments/1nl0uwa/when_putin_came_to_power_in_the_2000s_his/,2025-09-19 06:21:48,LibrarianJesus
PoliticalDiscussion,"Has US political support for Israel become a kind of cult, and how does Reagan’s 1982 diary entry highlight the difference between then and now?",43,66,1nl71xy,https://www.reddit.com/r/PoliticalDiscussion/comments/1nl71xy/has_us_political_support_for_israel_become_a_kind/,2025-09-19 10:43:06,Any_Frosting_4049
PoliticalDiscussion,"Do you think the majority of Americans aren't hyper-partisan/tribal, or has that ship sailed?",59,185,1nl4px7,https://www.reddit.com/r/PoliticalDiscussion/comments/1nl4px7/do_you_think_the_majority_of_americans_arent/,2025-09-19 09:13:57,One-Patient-3417
PoliticalDiscussion,"What is ""fair"" for taxes?",0,217,1nm2c8v,https://www.reddit.com/r/PoliticalDiscussion/comments/1nm2c8v/what_is_fair_for_taxes/,2025-09-20 11:15:24,Reasonable-Fee1945
PoliticalDiscussion,Current Leaders Of The Democratic Party?,78,205,1nkroke,https://www.reddit.com/r/PoliticalDiscussion/comments/1nkroke/current_leaders_of_the_democratic_party/,2025-09-18 21:30:34,Due_Inspection_7888
PoliticalDiscussion,Americas Reichstag fire?,327,393,1nkeu1q,https://www.reddit.com/r/PoliticalDiscussion/comments/1nkeu1q/americas_reichstag_fire/,2025-09-18 12:36:17,Bulky_Instruction376
PoliticalDiscussion,What explains why personal storytelling might outperform data-heavy messaging in political advocacy?,12,21,1nkwxla,https://www.reddit.com/r/PoliticalDiscussion/comments/1nkwxla/what_explains_why_personal_storytelling_might/,2025-09-19 02:18:49,Super_Presentation14
worldnews,"/r/WorldNews Live Thread: Russian Invasion of Ukraine Day 1308, Part 1 (Thread #1455)",460,116,1np2gzu,https://www.reddit.com/live/18hnzysb1elcs,2025-09-23 23:02:34,WorldNewsMods
worldnews,Huntington's disease successfully treated for the first time.,11652,230,1np9ix2,https://www.bbc.com/news/articles/cevz13xkxpro,2025-09-24 06:24:06,bendubberley_
worldnews,"'Roger that' — Poland, Estonia welcome Trump's calls to shoot down Russian jets",2237,117,1npd091,https://kyivindependent.com/poland-estonia-react-to-trumps-calls-to-shoot-down-russian-fighter-jets/,2025-09-24 09:03:24,AdSpecialist6598
worldnews,Italy to recognize Palestine only if Hamas is excluded and all hostages freed,5975,416,1np774n,https://www.jpost.com/international/article-868429,2025-09-24 04:00:25,barsik_
worldnews,"'Your countries are being ruined' by migration, Trump tells Europe at the UN",19755,1461,1np0yfb,https://www.euronews.com/2025/09/23/your-countries-are-being-ruined-by-migration-trump-tells-europe,2025-09-23 21:44:21,fiestar88
worldnews,New Zealand loosens residency restrictions as record number of citizens leave,3788,441,1np6nt3,https://www.theguardian.com/world/2025/sep/23/new-zealand-visa-country-loosens-residency-restrictions-record-numbers-of-citizens-leave,2025-09-24 03:23:15,upthetruth1
worldnews,‘We Can’t Just Swap Territories’: Zelensky Says Trump Finally Understands Ukraine’s Position,4257,132,1np5s9g,https://www.kyivpost.com/post/60744,2025-09-24 02:21:52,jackytheblade
worldnews,Hamas fires on IDF troops from Gaza’s largest hospital as Israeli forces advance,1459,366,1npb9h1,https://www.ynetnews.com/article/hj7wd8b2gg#autoplay,2025-09-24 07:50:09,FYoCouchEddie
worldnews,"Russia to Trump: We’re a real bear, not a paper tiger",1513,360,1np9175,https://www.politico.eu/article/russia-donald-trump-comments-real-bear-not-paper-tiger/,2025-09-24 05:56:57,HotterThanHooters
worldnews,Russia Delivers MiG-29 Jets to Iran Air Force,801,116,1npd975,https://www.newsweek.com/russia-delivers-mig-29-jets-iran-air-force-10479982?utm_source=reddit&utm_campaign=reddit_influencers,2025-09-24 09:13:19,Newsweek_CarloV
worldnews,Zelenskyy: Putin’s Russia is nothing without China,3963,153,1np3pu8,https://www.pravda.com.ua/eng/news/2025/09/24/7532212,2025-09-24 00:13:41,EclipticElsa
worldnews,"Over 1,000 people executed by Islamic regime over past nine months, human rights org. claims",1591,227,1np6vi6,https://www.jpost.com/middle-east/iran-news/article-868440,2025-09-24 03:38:17,barsik_
worldnews,Trump says NATO should shoot down Russian aircraft violating its airspace,2771,145,1np3d8z,https://www.pravda.com.ua/eng/news/2025/09/23/7532185/,2025-09-23 23:53:43,Aine_Ellsechs
worldnews,Trump says he now believes Ukraine can win back all territory lost to Russia with NATO’s help,22120,1421,1noqred,https://apnews.com/article/russia-ukraine-war-un-zelenskyy-trump-f28942b3915e40226654548bb3ee7919,2025-09-23 14:24:08,gym_fun
worldnews,Ukraine’s president says the world is in ‘the most destructive arms race in history’,266,16,1npedbc,https://apnews.com/article/ukraine-zelenskyy-unga-united-nations-russia-ce276671d255befeba10a324caf2a7e5,2025-09-24 09:57:19,AndroidOne1
worldnews,"Trump at UN: NATO states ""funding war against themselves"" by buying Russian energy",3944,351,1noxz0c,https://www.pravda.com.ua/eng/news/2025/09/23/7532170/,2025-09-23 19:21:15,TheRealMykola
worldnews,"Gasoline ‘Frequently’ Absent in Russia After Ukrainian Drone Attacks, Prices Surge",1341,35,1np4djo,https://www.kyivpost.com/post/60736,2025-09-24 00:53:12,ChiefFun
worldnews,Ukraine Hits Black Sea Fleet in Novorossiysk as Chaos Reported Across Russian Black Sea Regions,239,6,1npe400,https://www.kyivpost.com/post/60783,2025-09-24 09:47:07,SportsGod3
worldnews,Russia’s fuel exports hit their lowest since 2020 after Ukraine drone blitz,387,8,1np9rj1,https://euromaidanpress.com/2025/09/24/ukraine-drone-strikes-russia-fuel-exports/,2025-09-24 06:37:17,Radianceharmony
worldnews,Russians execute civilian family and are holding their underage daughter hostage to advance further – video,188,7,1npgt7f,https://www.pravda.com.ua/eng/news/2025/09/24/7532278/,2025-09-24 11:28:23,According_Fall8199
